question_number,category,question,question_image,style,answer,answer_image,is_used,created_timestamp
1,category_1,Sample question 1?,ASK-01-category_1-q.jpg,Modern,Sample answer 1 for category_1.,ASK-01-category_1-a.jpg,false,2025-01-01T10:00:00
2,category_2,Sample question 2?,ASK-02-category_2-q.jpg,Modern,Sample answer 2 for category_2.,ASK-02-category_2-a.jpg,false,2025-01-02T10:00:00
3,category_3,Sample question 3?,ASK-03-category_3-q.jpg,Modern,Sample answer 3 for category_3.,ASK-03-category_3-a.jpg,false,2025-01-03T10:00:00
4,category_1,Sample question 4?,ASK-04-category_1-q.jpg,Modern,Sample answer 4 for category_1.,ASK-04-category_1-a.jpg,false,2025-01-04T10:00:00
5,category_2,Sample question 5?,ASK-05-category_2-q.jpg,Modern,Sample answer 5 for category_2.,ASK-05-category_2-a.jpg,false,2025-01-05T10:00:00
6,category_3,Sample question 6?,ASK-06-category_3-q.jpg,Modern,Sample answer 6 for category_3.,ASK-06-category_3-a.jpg,false,2025-01-06T10:00:00
7,category_1,Sample question 7?,ASK-07-category_1-q.jpg,Modern,Sample answer 7 for category_1.,ASK-07-category_1-a.jpg,false,2025-01-07T10:00:00
8,category_2,Sample question 8?,ASK-08-category_2-q.jpg,Modern,Sample answer 8 for category_2.,ASK-08-category_2-a.jpg,false,2025-01-08T10:00:00
9,category_3,Sample question 9?,ASK-09-category_3-q.jpg,Modern,Sample answer 9 for category_3.,ASK-09-category_3-a.jpg,false,2025-01-09T10:00:00
10,category_1,Sample question 10?,ASK-10-category_1-q.jpg,Modern,Sample answer 10 for category_1.,ASK-10-category_1-a.jpg,false,2025-01-10T10:00:00
11,category_2,Sample question 11?,ASK-11-category_2-q.jpg,Modern,Sample answer 11 for category_2.,ASK-11-category_2-a.jpg,false,2025-01-11T10:00:00
12,category_3,Sample question 12?,ASK-12-category_3-q.jpg,Modern,Sample answer 12 for category_3.,ASK-12-category_3-a.jpg,false,2025-01-12T10:00:00
13,category_1,Sample question 13?,ASK-13-category_1-q.jpg,Modern,Sample answer 13 for category_1.,ASK-13-category_1-a.jpg,false,2025-01-13T10:00:00
14,category_2,Sample question 14?,ASK-14-category_2-q.jpg,Modern,Sample answer 14 for category_2.,ASK-14-category_2-a.jpg,false,2025-01-14T10:00:00
15,category_3,Sample question 15?,ASK-15-category_3-q.jpg,Modern,Sample answer 15 for category_3.,ASK-15-category_3-a.jpg,false,2025-01-15T10:00:00
16,category_1,Sample question 16?,ASK-16-category_1-q.jpg,Modern,Sample answer 16 for category_1.,ASK-16-category_1-a.jpg,false,2025-01-16T10:00:00
17,category_2,Sample question 17?,ASK-17-category_2-q.jpg,Modern,Sample answer 17 for category_2.,ASK-17-category_2-a.jpg,false,2025-01-17T10:00:00
18,category_3,Sample question 18?,ASK-18-category_3-q.jpg,Modern,Sample answer 18 for category_3.,ASK-18-category_3-a.jpg,false,2025-01-18T10:00:00
19,category_1,Sample question 19?,ASK-19-category_1-q.jpg,Modern,Sample answer 19 for category_1.,ASK-19-category_1-a.jpg,false,2025-01-19T10:00:00
20,category_2,Sample question 20?,ASK-20-category_2-q.jpg,Modern,Sample answer 20 for category_2.,ASK-20-category_2-a.jpg,false,2025-01-20T10:00:00
21,category_3,Sample question 21?,ASK-21-category_3-q.jpg,Modern,Sample answer 21 for category_3.,ASK-21-category_3-a.jpg,false,2025-01-21T10:00:00
22,category_1,Sample question 22?,ASK-22-category_1-q.jpg,Modern,Sample answer 22 for category_1.,ASK-22-category_1-a.jpg,false,2025-01-22T10:00:00
23,category_2,Sample question 23?,ASK-23-category_2-q.jpg,Modern,Sample answer 23 for category_2.,ASK-23-category_2-a.jpg,false,2025-01-23T10:00:00
24,category_3,Sample question 24?,ASK-24-category_3-q.jpg,Modern,Sample answer 24 for category_3.,ASK-24-category_3-a.jpg,false,2025-01-24T10:00:00
25,category_1,Sample question 25?,ASK-25-category_1-q.jpg,Modern,Sample answer 25 for category_1.,ASK-25-category_1-a.jpg,false,2025-01-25T10:00:00
26,category_2,Sample question 26?,ASK-26-category_2-q.jpg,Modern,Sample answer 26 for category_2.,ASK-26-category_2-a.jpg,false,2025-01-26T10:00:00
27,category_3,Sample question 27?,ASK-27-category_3-q.jpg,Modern,Sample answer 27 for category_3.,ASK-27-category_3-a.jpg,false,2025-01-27T10:00:00
28,category_1,Sample question 28?,ASK-28-category_1-q.jpg,Modern,Sample answer 28 for category_1.,ASK-28-category_1-a.jpg,false,2025-01-28T10:00:00
29,category_2,Sample question 29?,ASK-29-category_2-q.jpg,Modern,Sample answer 29 for category_2.,ASK-29-category_2-a.jpg,false,2025-01-29T10:00:00
30,category_3,Sample question 30?,ASK-30-category_3-q.jpg,Modern,Sample answer 30 for category_3.,ASK-30-category_3-a.jpg,false,2025-01-30T10:00:00
31,category_1,Sample question 31?,ASK-31-category_1-q.jpg,Modern,Sample answer 31 for category_1.,ASK-31-category_1-a.jpg,false,2025-01-31T10:00:00
32,category_2,Sample question 32?,ASK-32-category_2-q.jpg,Modern,Sample answer 32 for category_2.,ASK-32-category_2-a.jpg,false,2025-01-32T10:00:00
33,category_3,Sample question 33?,ASK-33-category_3-q.jpg,Modern,Sample answer 33 for category_3.,ASK-33-category_3-a.jpg,false,2025-01-33T10:00:00
34,category_1,Sample question 34?,ASK-34-category_1-q.jpg,Modern,Sample answer 34 for category_1.,ASK-34-category_1-a.jpg,false,2025-01-34T10:00:00
35,category_2,Sample question 35?,ASK-35-category_2-q.jpg,Modern,Sample answer 35 for category_2.,ASK-35-category_2-a.jpg,false,2025-01-35T10:00:00
36,category_3,Sample question 36?,ASK-36-category_3-q.jpg,Modern,Sample answer 36 for category_3.,ASK-36-category_3-a.jpg,false,2025-01-36T10:00:00
37,category_1,Sample question 37?,ASK-37-category_1-q.jpg,Modern,Sample answer 37 for category_1.,ASK-37-category_1-a.jpg,false,2025-01-37T10:00:00
38,category_2,Sample question 38?,ASK-38-category_2-q.jpg,Modern,Sample answer 38 for category_2.,ASK-38-category_2-a.jpg,false,2025-01-38T10:00:00
39,category_3,Sample question 39?,ASK-39-category_3-q.jpg,Modern,Sample answer 39 for category_3.,ASK-39-category_3-a.jpg,false,2025-01-39T10:00:00
40,category_1,Sample question 40?,ASK-40-category_1-q.jpg,Modern,Sample answer 40 for category_1.,ASK-40-category_1-a.jpg,false,2025-01-40T10:00:00
41,category_2,Sample question 41?,ASK-41-category_2-q.jpg,Modern,Sample answer 41 for category_2.,ASK-41-category_2-a.jpg,false,2025-01-41T10:00:00
42,category_3,Sample question 42?,ASK-42-category_3-q.jpg,Modern,Sample answer 42 for category_3.,ASK-42-category_3-a.jpg,false,2025-01-42T10:00:00
43,category_1,Sample question 43?,ASK-43-category_1-q.jpg,Modern,Sample answer 43 for category_1.,ASK-43-category_1-a.jpg,false,2025-01-43T10:00:00
44,category_2,Sample question 44?,ASK-44-category_2-q.jpg,Modern,Sample answer 44 for category_2.,ASK-44-category_2-a.jpg,false,2025-01-44T10:00:00
45,category_3,Sample question 45?,ASK-45-category_3-q.jpg,Modern,Sample answer 45 for category_3.,ASK-45-category_3-a.jpg,false,2025-01-45T10:00:00
46,category_1,Sample question 46?,ASK-46-category_1-q.jpg,Modern,Sample answer 46 for category_1.,ASK-46-category_1-a.jpg,false,2025-01-46T10:00:00
47,category_2,Sample question 47?,ASK-47-category_2-q.jpg,Modern,Sample answer 47 for category_2.,ASK-47-category_2-a.jpg,false,2025-01-47T10:00:00
48,category_3,Sample question 48?,ASK-48-category_3-q.jpg,Modern,Sample answer 48 for category_3.,ASK-48-category_3-a.jpg,false,2025-01-48T10:00:00
49,category_1,Sample question 49?,ASK-49-category_1-q.jpg,Modern,Sample answer 49 for category_1.,ASK-49-category_1-a.jpg,false,2025-01-49T10:00:00
50,category_2,Sample question 50?,ASK-50-category_2-q.jpg,Modern,Sample answer 50 for category_2.,ASK-50-category_2-a.jpg,false,2025-01-50T10:00:00
51,category_3,Sample question 51?,ASK-51-category_3-q.jpg,Modern,Sample answer 51 for category_3.,ASK-51-category_3-a.jpg,false,2025-01-51T10:00:00
52,category_1,Sample question 52?,ASK-52-category_1-q.jpg,Modern,Sample answer 52 for category_1.,ASK-52-category_1-a.jpg,false,2025-01-52T10:00:00
53,category_2,Sample question 53?,ASK-53-category_2-q.jpg,Modern,Sample answer 53 for category_2.,ASK-53-category_2-a.jpg,false,2025-01-53T10:00:00
54,category_3,Sample question 54?,ASK-54-category_3-q.jpg,Modern,Sample answer 54 for category_3.,ASK-54-category_3-a.jpg,false,2025-01-54T10:00:00
55,category_1,Sample question 55?,ASK-55-category_1-q.jpg,Modern,Sample answer 55 for category_1.,ASK-55-category_1-a.jpg,false,2025-01-55T10:00:00
56,category_2,Sample question 56?,ASK-56-category_2-q.jpg,Modern,Sample answer 56 for category_2.,ASK-56-category_2-a.jpg,false,2025-01-56T10:00:00
57,category_3,Sample question 57?,ASK-57-category_3-q.jpg,Modern,Sample answer 57 for category_3.,ASK-57-category_3-a.jpg,false,2025-01-57T10:00:00
58,category_1,Sample question 58?,ASK-58-category_1-q.jpg,Modern,Sample answer 58 for category_1.,ASK-58-category_1-a.jpg,false,2025-01-58T10:00:00
59,category_2,Sample question 59?,ASK-59-category_2-q.jpg,Modern,Sample answer 59 for category_2.,ASK-59-category_2-a.jpg,false,2025-01-59T10:00:00
60,category_3,Sample question 60?,ASK-60-category_3-q.jpg,Modern,Sample answer 60 for category_3.,ASK-60-category_3-a.jpg,false,2025-01-60T10:00:00
61,category_1,Sample question 61?,ASK-61-category_1-q.jpg,Modern,Sample answer 61 for category_1.,ASK-61-category_1-a.jpg,false,2025-01-61T10:00:00
62,category_2,Sample question 62?,ASK-62-category_2-q.jpg,Modern,Sample answer 62 for category_2.,ASK-62-category_2-a.jpg,false,2025-01-62T10:00:00
63,category_3,Sample question 63?,ASK-63-category_3-q.jpg,Modern,Sample answer 63 for category_3.,ASK-63-category_3-a.jpg,false,2025-01-63T10:00:00
64,category_1,Sample question 64?,ASK-64-category_1-q.jpg,Modern,Sample answer 64 for category_1.,ASK-64-category_1-a.jpg,false,2025-01-64T10:00:00
65,category_2,Sample question 65?,ASK-65-category_2-q.jpg,Modern,Sample answer 65 for category_2.,ASK-65-category_2-a.jpg,false,2025-01-65T10:00:00
66,category_3,Sample question 66?,ASK-66-category_3-q.jpg,Modern,Sample answer 66 for category_3.,ASK-66-category_3-a.jpg,false,2025-01-66T10:00:00
67,category_1,Sample question 67?,ASK-67-category_1-q.jpg,Modern,Sample answer 67 for category_1.,ASK-67-category_1-a.jpg,false,2025-01-67T10:00:00
68,category_2,Sample question 68?,ASK-68-category_2-q.jpg,Modern,Sample answer 68 for category_2.,ASK-68-category_2-a.jpg,false,2025-01-68T10:00:00
69,category_3,Sample question 69?,ASK-69-category_3-q.jpg,Modern,Sample answer 69 for category_3.,ASK-69-category_3-a.jpg,false,2025-01-69T10:00:00
70,category_1,Sample question 70?,ASK-70-category_1-q.jpg,Modern,Sample answer 70 for category_1.,ASK-70-category_1-a.jpg,false,2025-01-70T10:00:00
71,category_2,Sample question 71?,ASK-71-category_2-q.jpg,Modern,Sample answer 71 for category_2.,ASK-71-category_2-a.jpg,false,2025-01-71T10:00:00
72,category_3,Sample question 72?,ASK-72-category_3-q.jpg,Modern,Sample answer 72 for category_3.,ASK-72-category_3-a.jpg,false,2025-01-72T10:00:00
73,category_1,Sample question 73?,ASK-73-category_1-q.jpg,Modern,Sample answer 73 for category_1.,ASK-73-category_1-a.jpg,false,2025-01-73T10:00:00
74,category_2,Sample question 74?,ASK-74-category_2-q.jpg,Modern,Sample answer 74 for category_2.,ASK-74-category_2-a.jpg,false,2025-01-74T10:00:00
75,category_3,Sample question 75?,ASK-75-category_3-q.jpg,Modern,Sample answer 75 for category_3.,ASK-75-category_3-a.jpg,false,2025-01-75T10:00:00
76,category_1,Sample question 76?,ASK-76-category_1-q.jpg,Modern,Sample answer 76 for category_1.,ASK-76-category_1-a.jpg,false,2025-01-76T10:00:00
77,category_2,Sample question 77?,ASK-77-category_2-q.jpg,Modern,Sample answer 77 for category_2.,ASK-77-category_2-a.jpg,false,2025-01-77T10:00:00
78,category_3,Sample question 78?,ASK-78-category_3-q.jpg,Modern,Sample answer 78 for category_3.,ASK-78-category_3-a.jpg,false,2025-01-78T10:00:00
79,category_1,Sample question 79?,ASK-79-category_1-q.jpg,Modern,Sample answer 79 for category_1.,ASK-79-category_1-a.jpg,false,2025-01-79T10:00:00
80,category_2,Sample question 80?,ASK-80-category_2-q.jpg,Modern,Sample answer 80 for category_2.,ASK-80-category_2-a.jpg,false,2025-01-80T10:00:00
81,category_3,Sample question 81?,ASK-81-category_3-q.jpg,Modern,Sample answer 81 for category_3.,ASK-81-category_3-a.jpg,false,2025-01-81T10:00:00
82,category_1,Sample question 82?,ASK-82-category_1-q.jpg,Modern,Sample answer 82 for category_1.,ASK-82-category_1-a.jpg,false,2025-01-82T10:00:00
83,category_2,Sample question 83?,ASK-83-category_2-q.jpg,Modern,Sample answer 83 for category_2.,ASK-83-category_2-a.jpg,false,2025-01-83T10:00:00
84,category_3,Sample question 84?,ASK-84-category_3-q.jpg,Modern,Sample answer 84 for category_3.,ASK-84-category_3-a.jpg,false,2025-01-84T10:00:00
85,category_1,Sample question 85?,ASK-85-category_1-q.jpg,Modern,Sample answer 85 for category_1.,ASK-85-category_1-a.jpg,false,2025-01-85T10:00:00
86,category_2,Sample question 86?,ASK-86-category_2-q.jpg,Modern,Sample answer 86 for category_2.,ASK-86-category_2-a.jpg,false,2025-01-86T10:00:00
87,category_3,Sample question 87?,ASK-87-category_3-q.jpg,Modern,Sample answer 87 for category_3.,ASK-87-category_3-a.jpg,false,2025-01-87T10:00:00
88,category_1,Sample question 88?,ASK-88-category_1-q.jpg,Modern,Sample answer 88 for category_1.,ASK-88-category_1-a.jpg,false,2025-01-88T10:00:00
89,category_2,Sample question 89?,ASK-89-category_2-q.jpg,Modern,Sample answer 89 for category_2.,ASK-89-category_2-a.jpg,false,2025-01-89T10:00:00
90,category_3,Sample question 90?,ASK-90-category_3-q.jpg,Modern,Sample answer 90 for category_3.,ASK-90-category_3-a.jpg,false,2025-01-90T10:00:00
91,category_1,Sample question 91?,ASK-91-category_1-q.jpg,Modern,Sample answer 91 for category_1.,ASK-91-category_1-a.jpg,false,2025-01-91T10:00:00
92,category_2,Sample question 92?,ASK-92-category_2-q.jpg,Modern,Sample answer 92 for category_2.,ASK-92-category_2-a.jpg,false,2025-01-92T10:00:00
93,category_3,Sample question 93?,ASK-93-category_3-q.jpg,Modern,Sample answer 93 for category_3.,ASK-93-category_3-a.jpg,false,2025-01-93T10:00:00
94,category_1,Sample question 94?,ASK-94-category_1-q.jpg,Modern,Sample answer 94 for category_1.,ASK-94-category_1-a.jpg,false,2025-01-94T10:00:00
95,category_2,Sample question 95?,ASK-95-category_2-q.jpg,Modern,Sample answer 95 for category_2.,ASK-95-category_2-a.jpg,false,2025-01-95T10:00:00
96,category_3,Sample question 96?,ASK-96-category_3-q.jpg,Modern,Sample answer 96 for category_3.,ASK-96-category_3-a.jpg,false,2025-01-96T10:00:00
97,category_1,Sample question 97?,ASK-97-category_1-q.jpg,Modern,Sample answer 97 for category_1.,ASK-97-category_1-a.jpg,false,2025-01-97T10:00:00
98,category_2,Sample question 98?,ASK-98-category_2-q.jpg,Modern,Sample answer 98 for category_2.,ASK-98-category_2-a.jpg,false,2025-01-98T10:00:00
99,category_3,Sample question 99?,ASK-99-category_3-q.jpg,Modern,Sample answer 99 for category_3.,ASK-99-category_3-a.jpg,false,2025-01-99T10:00:00
100,category_1,Sample question 100?,ASK-100-category_1-q.jpg,Modern,Sample answer 100 for category_1.,ASK-100-category_1-a.jpg,false,2025-01-100T10:00:00
101,category_2,Sample question 101?,ASK-101-category_2-q.jpg,Modern,Sample answer 101 for category_2.,ASK-101-category_2-a.jpg,false,2025-01-101T10:00:00
102,category_3,Sample question 102?,ASK-102-category_3-q.jpg,Modern,Sample answer 102 for category_3.,ASK-102-category_3-a.jpg,false,2025-01-102T10:00:00
103,category_1,Sample question 103?,ASK-103-category_1-q.jpg,Modern,Sample answer 103 for category_1.,ASK-103-category_1-a.jpg,false,2025-01-103T10:00:00
104,category_2,Sample question 104?,ASK-104-category_2-q.jpg,Modern,Sample answer 104 for category_2.,ASK-104-category_2-a.jpg,false,2025-01-104T10:00:00
105,category_3,Sample question 105?,ASK-105-category_3-q.jpg,Modern,Sample answer 105 for category_3.,ASK-105-category_3-a.jpg,false,2025-01-105T10:00:00
106,category_1,Sample question 106?,ASK-106-category_1-q.jpg,Modern,Sample answer 106 for category_1.,ASK-106-category_1-a.jpg,false,2025-01-106T10:00:00
107,category_2,Sample question 107?,ASK-107-category_2-q.jpg,Modern,Sample answer 107 for category_2.,ASK-107-category_2-a.jpg,false,2025-01-107T10:00:00
108,category_3,Sample question 108?,ASK-108-category_3-q.jpg,Modern,Sample answer 108 for category_3.,ASK-108-category_3-a.jpg,false,2025-01-108T10:00:00
109,category_1,Sample question 109?,ASK-109-category_1-q.jpg,Modern,Sample answer 109 for category_1.,ASK-109-category_1-a.jpg,false,2025-01-109T10:00:00
110,category_2,Sample question 110?,ASK-110-category_2-q.jpg,Modern,Sample answer 110 for category_2.,ASK-110-category_2-a.jpg,false,2025-01-110T10:00:00
111,category_3,Sample question 111?,ASK-111-category_3-q.jpg,Modern,Sample answer 111 for category_3.,ASK-111-category_3-a.jpg,false,2025-01-111T10:00:00
112,category_1,Sample question 112?,ASK-112-category_1-q.jpg,Modern,Sample answer 112 for category_1.,ASK-112-category_1-a.jpg,false,2025-01-112T10:00:00
113,category_2,Sample question 113?,ASK-113-category_2-q.jpg,Modern,Sample answer 113 for category_2.,ASK-113-category_2-a.jpg,false,2025-01-113T10:00:00
114,category_3,Sample question 114?,ASK-114-category_3-q.jpg,Modern,Sample answer 114 for category_3.,ASK-114-category_3-a.jpg,false,2025-01-114T10:00:00
115,category_1,Sample question 115?,ASK-115-category_1-q.jpg,Modern,Sample answer 115 for category_1.,ASK-115-category_1-a.jpg,false,2025-01-115T10:00:00
116,category_2,Sample question 116?,ASK-116-category_2-q.jpg,Modern,Sample answer 116 for category_2.,ASK-116-category_2-a.jpg,false,2025-01-116T10:00:00
117,category_3,Sample question 117?,ASK-117-category_3-q.jpg,Modern,Sample answer 117 for category_3.,ASK-117-category_3-a.jpg,false,2025-01-117T10:00:00
118,category_1,Sample question 118?,ASK-118-category_1-q.jpg,Modern,Sample answer 118 for category_1.,ASK-118-category_1-a.jpg,false,2025-01-118T10:00:00
119,category_2,Sample question 119?,ASK-119-category_2-q.jpg,Modern,Sample answer 119 for category_2.,ASK-119-category_2-a.jpg,false,2025-01-119T10:00:00
120,category_3,Sample question 120?,ASK-120-category_3-q.jpg,Modern,Sample answer 120 for category_3.,ASK-120-category_3-a.jpg,false,2025-01-120T10:00:00
121,category_1,Sample question 121?,ASK-121-category_1-q.jpg,Modern,Sample answer 121 for category_1.,ASK-121-category_1-a.jpg,false,2025-01-121T10:00:00
122,category_2,Sample question 122?,ASK-122-category_2-q.jpg,Modern,Sample answer 122 for category_2.,ASK-122-category_2-a.jpg,false,2025-01-122T10:00:00
123,category_3,Sample question 123?,ASK-123-category_3-q.jpg,Modern,Sample answer 123 for category_3.,ASK-123-category_3-a.jpg,false,2025-01-123T10:00:00
124,category_1,Sample question 124?,ASK-124-category_1-q.jpg,Modern,Sample answer 124 for category_1.,ASK-124-category_1-a.jpg,false,2025-01-124T10:00:00
125,category_2,Sample question 125?,ASK-125-category_2-q.jpg,Modern,Sample answer 125 for category_2.,ASK-125-category_2-a.jpg,false,2025-01-125T10:00:00
126,category_3,Sample question 126?,ASK-126-category_3-q.jpg,Modern,Sample answer 126 for category_3.,ASK-126-category_3-a.jpg,false,2025-01-126T10:00:00
127,category_1,Sample question 127?,ASK-127-category_1-q.jpg,Modern,Sample answer 127 for category_1.,ASK-127-category_1-a.jpg,false,2025-01-127T10:00:00
128,category_2,Sample question 128?,ASK-128-category_2-q.jpg,Modern,Sample answer 128 for category_2.,ASK-128-category_2-a.jpg,false,2025-01-128T10:00:00
129,category_3,Sample question 129?,ASK-129-category_3-q.jpg,Modern,Sample answer 129 for category_3.,ASK-129-category_3-a.jpg,false,2025-01-129T10:00:00
130,category_1,Sample question 130?,ASK-130-category_1-q.jpg,Modern,Sample answer 130 for category_1.,ASK-130-category_1-a.jpg,false,2025-01-130T10:00:00
131,category_2,Sample question 131?,ASK-131-category_2-q.jpg,Modern,Sample answer 131 for category_2.,ASK-131-category_2-a.jpg,false,2025-01-131T10:00:00
132,category_3,Sample question 132?,ASK-132-category_3-q.jpg,Modern,Sample answer 132 for category_3.,ASK-132-category_3-a.jpg,false,2025-01-132T10:00:00
133,category_1,Sample question 133?,ASK-133-category_1-q.jpg,Modern,Sample answer 133 for category_1.,ASK-133-category_1-a.jpg,false,2025-01-133T10:00:00
134,category_2,Sample question 134?,ASK-134-category_2-q.jpg,Modern,Sample answer 134 for category_2.,ASK-134-category_2-a.jpg,false,2025-01-134T10:00:00
135,category_3,Sample question 135?,ASK-135-category_3-q.jpg,Modern,Sample answer 135 for category_3.,ASK-135-category_3-a.jpg,false,2025-01-135T10:00:00
136,category_1,Sample question 136?,ASK-136-category_1-q.jpg,Modern,Sample answer 136 for category_1.,ASK-136-category_1-a.jpg,false,2025-01-136T10:00:00
137,category_2,Sample question 137?,ASK-137-category_2-q.jpg,Modern,Sample answer 137 for category_2.,ASK-137-category_2-a.jpg,false,2025-01-137T10:00:00
138,category_3,Sample question 138?,ASK-138-category_3-q.jpg,Modern,Sample answer 138 for category_3.,ASK-138-category_3-a.jpg,false,2025-01-138T10:00:00
139,category_1,Sample question 139?,ASK-139-category_1-q.jpg,Modern,Sample answer 139 for category_1.,ASK-139-category_1-a.jpg,false,2025-01-139T10:00:00
140,category_2,Sample question 140?,ASK-140-category_2-q.jpg,Modern,Sample answer 140 for category_2.,ASK-140-category_2-a.jpg,false,2025-01-140T10:00:00
141,category_3,Sample question 141?,ASK-141-category_3-q.jpg,Modern,Sample answer 141 for category_3.,ASK-141-category_3-a.jpg,false,2025-01-141T10:00:00
142,category_1,Sample question 142?,ASK-142-category_1-q.jpg,Modern,Sample answer 142 for category_1.,ASK-142-category_1-a.jpg,false,2025-01-142T10:00:00
143,category_2,Sample question 143?,ASK-143-category_2-q.jpg,Modern,Sample answer 143 for category_2.,ASK-143-category_2-a.jpg,false,2025-01-143T10:00:00
144,category_3,Sample question 144?,ASK-144-category_3-q.jpg,Modern,Sample answer 144 for category_3.,ASK-144-category_3-a.jpg,false,2025-01-144T10:00:00
145,category_1,Sample question 145?,ASK-145-category_1-q.jpg,Modern,Sample answer 145 for category_1.,ASK-145-category_1-a.jpg,false,2025-01-145T10:00:00
146,category_2,Sample question 146?,ASK-146-category_2-q.jpg,Modern,Sample answer 146 for category_2.,ASK-146-category_2-a.jpg,false,2025-01-146T10:00:00
147,category_3,Sample question 147?,ASK-147-category_3-q.jpg,Modern,Sample answer 147 for category_3.,ASK-147-category_3-a.jpg,false,2025-01-147T10:00:00
148,category_1,Sample question 148?,ASK-148-category_1-q.jpg,Modern,Sample answer 148 for category_1.,ASK-148-category_1-a.jpg,false,2025-01-148T10:00:00
149,category_2,Sample question 149?,ASK-149-category_2-q.jpg,Modern,Sample answer 149 for category_2.,ASK-149-category_2-a.jpg,false,2025-01-149T10:00:00
150,category_3,Sample question 150?,ASK-150-category_3-q.jpg,Modern,Sample answer 150 for category_3.,ASK-150-category_3-a.jpg,false,2025-01-150T10:00:00
151,category_1,Sample question 151?,ASK-151-category_1-q.jpg,Modern,Sample answer 151 for category_1.,ASK-151-category_1-a.jpg,false,2025-01-151T10:00:00
152,category_2,Sample question 152?,ASK-152-category_2-q.jpg,Modern,Sample answer 152 for category_2.,ASK-152-category_2-a.jpg,false,2025-01-152T10:00:00
153,category_3,Sample question 153?,ASK-153-category_3-q.jpg,Modern,Sample answer 153 for category_3.,ASK-153-category_3-a.jpg,false,2025-01-153T10:00:00
154,category_1,Sample question 154?,ASK-154-category_1-q.jpg,Modern,Sample answer 154 for category_1.,ASK-154-category_1-a.jpg,false,2025-01-154T10:00:00
155,category_2,Sample question 155?,ASK-155-category_2-q.jpg,Modern,Sample answer 155 for category_2.,ASK-155-category_2-a.jpg,false,2025-01-155T10:00:00
156,category_3,Sample question 156?,ASK-156-category_3-q.jpg,Modern,Sample answer 156 for category_3.,ASK-156-category_3-a.jpg,false,2025-01-156T10:00:00
157,category_1,Sample question 157?,ASK-157-category_1-q.jpg,Modern,Sample answer 157 for category_1.,ASK-157-category_1-a.jpg,false,2025-01-157T10:00:00
158,category_2,Sample question 158?,ASK-158-category_2-q.jpg,Modern,Sample answer 158 for category_2.,ASK-158-category_2-a.jpg,false,2025-01-158T10:00:00
159,category_3,Sample question 159?,ASK-159-category_3-q.jpg,Modern,Sample answer 159 for category_3.,ASK-159-category_3-a.jpg,false,2025-01-159T10:00:00
160,category_1,Sample question 160?,ASK-160-category_1-q.jpg,Modern,Sample answer 160 for category_1.,ASK-160-category_1-a.jpg,false,2025-01-160T10:00:00
161,category_2,Sample question 161?,ASK-161-category_2-q.jpg,Modern,Sample answer 161 for category_2.,ASK-161-category_2-a.jpg,false,2025-01-161T10:00:00
162,category_3,Sample question 162?,ASK-162-category_3-q.jpg,Modern,Sample answer 162 for category_3.,ASK-162-category_3-a.jpg,false,2025-01-162T10:00:00
163,category_1,Sample question 163?,ASK-163-category_1-q.jpg,Modern,Sample answer 163 for category_1.,ASK-163-category_1-a.jpg,false,2025-01-163T10:00:00
164,category_2,Sample question 164?,ASK-164-category_2-q.jpg,Modern,Sample answer 164 for category_2.,ASK-164-category_2-a.jpg,false,2025-01-164T10:00:00
165,category_3,Sample question 165?,ASK-165-category_3-q.jpg,Modern,Sample answer 165 for category_3.,ASK-165-category_3-a.jpg,false,2025-01-165T10:00:00
166,category_1,Sample question 166?,ASK-166-category_1-q.jpg,Modern,Sample answer 166 for category_1.,ASK-166-category_1-a.jpg,false,2025-01-166T10:00:00
167,category_2,Sample question 167?,ASK-167-category_2-q.jpg,Modern,Sample answer 167 for category_2.,ASK-167-category_2-a.jpg,false,2025-01-167T10:00:00
168,category_3,Sample question 168?,ASK-168-category_3-q.jpg,Modern,Sample answer 168 for category_3.,ASK-168-category_3-a.jpg,false,2025-01-168T10:00:00
169,category_1,Sample question 169?,ASK-169-category_1-q.jpg,Modern,Sample answer 169 for category_1.,ASK-169-category_1-a.jpg,false,2025-01-169T10:00:00
170,category_2,Sample question 170?,ASK-170-category_2-q.jpg,Modern,Sample answer 170 for category_2.,ASK-170-category_2-a.jpg,false,2025-01-170T10:00:00
171,category_3,Sample question 171?,ASK-171-category_3-q.jpg,Modern,Sample answer 171 for category_3.,ASK-171-category_3-a.jpg,false,2025-01-171T10:00:00
172,category_1,Sample question 172?,ASK-172-category_1-q.jpg,Modern,Sample answer 172 for category_1.,ASK-172-category_1-a.jpg,false,2025-01-172T10:00:00
173,category_2,Sample question 173?,ASK-173-category_2-q.jpg,Modern,Sample answer 173 for category_2.,ASK-173-category_2-a.jpg,false,2025-01-173T10:00:00
174,category_3,Sample question 174?,ASK-174-category_3-q.jpg,Modern,Sample answer 174 for category_3.,ASK-174-category_3-a.jpg,false,2025-01-174T10:00:00
175,category_1,Sample question 175?,ASK-175-category_1-q.jpg,Modern,Sample answer 175 for category_1.,ASK-175-category_1-a.jpg,false,2025-01-175T10:00:00
